,data,replication,fold,trainRuntime,trainAUC,testAUC,Accuracy
0,Musk1,1,1,0.6181506309999989,0.9107142857142857,0.92,0.7
0,Musk1,1,2,0.4629867769999976,0.8892857142857142,0.92,0.9
0,Musk1,Average,Average,0.5405687039999982,0.8999999999999999,0.92,0.8
