,data,replication,fold,trainRuntime,trainAUC,testAUC,Accuracy
0,Musk1,1,1,0.6181506309999989,0.9107142857142857,0.92,0.7
0,Musk1,1,2,0.4629867769999976,0.8892857142857142,0.92,0.9
0,Musk1,Average,Average,0.5405687039999982,0.8999999999999999,0.92,0.8
0,Musk2,1,1,56.18011898099999,0.9137755102040817,0.8571428571428572,0.6363636363636364
0,Musk2,1,2,48.650487422,0.9275510204081633,0.75,0.6363636363636364
0,Musk2,Average,Average,52.415303201499995,0.9206632653061224,0.8035714285714286,0.6363636363636364
