,data,replication,fold,trainRuntime,trainAUC,testAUC,trainAccuracy,TestAccuracy
0,CorelAntique,1,1,557.1357722839748,0.9008122157244964,0.9010526315789473,0.95,0.95
0,CorelAntique,1,2,558.4151720399968,0.9033853151397012,0.8515789473684211,0.95,0.95
0,CorelAntique,1,3,556.417452218011,0.8964197530864197,0.9373684210526315,0.95,0.95
0,CorelAntique,1,4,556.6475845389941,0.8976998050682261,0.8842105263157896,0.95,0.95
0,CorelAntique,1,5,558.1316840549989,0.8964002599090318,0.898421052631579,0.95,0.95
0,CorelAntique,1,6,559.6531114990066,0.9006107862248214,0.9278947368421053,0.95,0.95
0,CorelAntique,1,7,558.7265596610087,0.8997076023391812,0.8573684210526316,0.95,0.95
