,data,replication,fold,trainRuntime,trainAUC,testAUC,Accuracy
0,Musk1,1,1,-1.6127809540000158,0.763095238095238,0.84,0.6
0,Musk1,1,2,-0.896512266000002,0.8738095238095238,1.0,0.9
0,Musk1,Average,Average,-1.2546466100000089,0.8184523809523809,0.9199999999999999,0.75
