,data,replication,fold,trainRuntime,trainAUC,testAUC,Accuracy
0,Musk1,1,1,-1.6127809540000158,0.763095238095238,0.84,0.6
0,Musk1,1,2,-0.896512266000002,0.8738095238095238,1.0,0.9
0,Musk1,Average,Average,-1.2546466100000089,0.8184523809523809,0.9199999999999999,0.75
0,Musk2,1,1,-233.797478171,0.6602040816326531,0.5714285714285714,0.5454545454545454
0,Musk2,1,2,-61.865914522000025,0.7454081632653061,0.7857142857142857,0.7272727272727273
0,Musk2,Average,Average,-147.8316963465,0.7028061224489797,0.6785714285714286,0.6363636363636364
